,view_num,inform_num,reported_id,reported_address,post_time,link_to_post,reported_credit,reported_path,weibo_content,repost_num,thumbs_up,comment_num,id_tweets,id_following,id_follower,comments
0,150,5,5911776552,  江苏,None,nn,['中'],https://weibo.cn/u/5911776552,nn,nn,nn,nn,15,63,37,['deleted']
1,115,3,5880254524,  江苏,2018-08-06 14:14:21,https://weibo.cn/comment/GtnAQoXr0,['中'],https://weibo.cn/u/5880254524,:江苏常州礼嘉工业区一工厂毒气泄露！@常州环保局@江苏环保局@国家环保局 ,15,42,141,406,203,99,"[['芥子气接触就是全身溃烂，急性剧毒，现在遗留的大多数在东北那边，多为当初日本生化部队实验遗留，而且你想想常州工厂怎么可能会有这种毒气？不要以谣传谣，传播谣言引起恐慌是要负法律责任的！', '51', 'time not available'], ['各种本地群已经爆炸了 到底是什么气体呢', '7', 'time not available'], ['群里看到了，好恐怖！主要离我家也就十几公里，抖', '3', 'time not available'], ['回复<a href=""/n/%E5%88%9D%E5%BF%83%E4%B8%8D%E5%BF%9823333"">@初心不忘23333</a>:你这老板也是可以的 淡定自若<img alt=""[跪了]"" src=""//h5.sinaimg.cn/m/emoticon/icon/default/d_guile-7b3e474f7f.png"" style=""width:1em; height:1em;""/>', '0', 'time not available'], ['回复<a href=""/n/%E6%81%A8%E8%87%AA%E5%B7%B1%E4%B8%8D%E8%83%BD%E5%B0%8F%E6%B8%85%E6%96%B0"">@恨自己不能小清新</a>:上啊，出事情当天我们都没放假，第二天怎么可能还给放假啊<img alt=""[允悲]"" src=""//h5.sinaimg.cn/m/emoticon/icon/default/d_yunbei-9aa3c436a4.png"" style=""width:1em; height:1em;""/>', '0', 'time not available'], ['回复<a href=""/n/Real-Alexo"">@Real-Alexo</a>:那你倒是说说还有啥作用<img alt=""[微笑]"" src=""//h5.sinaimg.cn/m/emoticon/icon/default/d_hehe-039d0a6a8a.png"" style=""width:1em; height:1em;""/>', '0', 'time not available'], ['回复<a href=""/n/%E6%A2%A6%E6%83%B3%E4%BC%9A%E5%BE%88%E5%A4%A7666"">@梦想会很大666</a>:好的谢谢', '0', 'time not available'], ['回复<a href=""/n/%E5%88%9D%E5%BF%83%E4%B8%8D%E5%BF%9823333"">@初心不忘23333</a>:666明天还去上班吗老哥<img alt=""[笑cry]"" src=""//h5.sinaimg.cn/m/emoticon/icon/default/d_xiaoku-d320324f00.png"" style=""width:1em; height:1em;""/>', '0', 'time not available'], ['废酸泄漏不是毒气？消防员都带了防毒面具的呀<img alt=""[费解]"" src=""//h5.sinaimg.cn/m/emoticon/icon/default/d_feijie-bac8e40ab4.png"" style=""width:1em; height:1em;""/>', '0', 'time not available'], ['回复<a href=""/n/%E5%96%9C%E6%AC%A2%E5%96%9D%E9%9B%AA%E7%A2%A7%E5%90%83%E7%81%AB%E9%94%85%E7%9A%84%E8%80%81%E9%A9%AC"">@喜欢喝雪碧吃火锅的老马</a>:距离几公里的我瑟瑟发抖', '0', 'time not available'], ['下午我们这下雨会不会是人工降雨', '0', 'time not available'], ['回复<a href=""/n/janey%E5%88%98"">@janey刘</a>:你删掉自己言论干嘛，既然都在自己微博里都发表了那么信誓旦旦的言论，这边还怕啥', '0', 'time not available'], ['回复<a href=""/n/Multiflora%E5%AE%89"">@Multiflora安</a>:那个厂离我就两条街', '0', 'time not available'], ['回复<a href=""/n/Real-Alexo"">@Real-Alexo</a>:这就不是芥子气，求你不要抢行加戏', '0', 'time not available'], ['回复<a href=""/n/%E7%88%B1%E5%90%83%E7%B3%96%E7%B3%96%E7%9A%84%E9%BB%91%E8%89%B2%E7%8C%AB%E5%92%AA"">@爱吃糖糖的黑色猫咪</a>:对浓度有要求 远距离没事', '0', 'time not available'], ['回复<a href=""/n/%E5%9B%A0%E4%B8%BA%E6%88%91%E6%83%B3%E6%98%AF%E6%80%AA%E4%BA%BA"">@因为我想是怪人</a>:嘻嘻，你搜一下，视频出来，这事是真的。', '0', 'time not available'], ['回复<a href=""/n/%E6%82%AC%E6%B5%AE%E5%92%96%E5%95%A1-%E9%9B%95%E5%88%BB%E6%97%B6%E5%85%89"">@悬浮咖啡-雕刻时光</a>:是硝酸 估计含其他铁之类的  就是黄色了', '0', 'time not available'], ['回复<a href=""/n/%E5%A7%9Cy5"">@姜y5</a>:我站在长江边凝望对面。。。溜了溜了', '0', 'time not available'], ['以谣传谣', '0', 'time not available'], ['这样子是硝酸泄露吗', '0', 'time not available'], ['回复<a href=""/n/Multiflora%E5%AE%89"">@Multiflora安</a>:湖塘在安全区捡装备', '1', 'time not available'], ['<a href=""/n/%E4%B8%8D%E6%83%B3%E8%B5%B7%E5%BA%8A%E7%9A%84%E9%98%BF%E5%99%97"">@不想起床的阿噗</a>  真的是要跑毒了<img alt=""[喵喵]"" src=""//h5.sinaimg.cn/m/emoticon/icon/others/d_miao-61fe2a7aaa.png"" style=""width:1em; height:1em;""/>', '0', 'time not available'], ['常州地方政府最近今年太腐败 道路天天休 当官的天天出入星级酒店 包小三 强奸 sho', '1', 'time not available'], ['回复<a href=""/n/Multiflora%E5%AE%89"">@Multiflora安</a>:牛塘的我', '0', 'time not available'], ['都说了谣言了，不要引起群众恐慌好吗<img alt=""[微笑]"" src=""//h5.sinaimg.cn/m/emoticon/icon/default/d_hehe-039d0a6a8a.png"" style=""width:1em; height:1em;""/>', '1', 'time not available'], ['回复<a href=""/n/%E6%9A%97%E6%81%8B%E4%B8%80%E7%93%B6%E6%B0%B42011"">@暗恋一瓶水2011</a>:那我不清楚，反正是很酸的，', '0', 'time not available'], ['回复<a href=""/n/Multiflora%E5%AE%89"">@Multiflora安</a>:南夏墅的哭泣', '2', 'time not available'], ['回复<a href=""/n/%E5%AD%A4%E5%88%83%E5%BC%A6%E6%9C%88"">@孤刃弦月</a>:哈哈，我也在边上厂里刷着微博<img alt=""[笑cry]"" src=""//h5.sinaimg.cn/m/emoticon/icon/default/d_xiaoku-d320324f00.png"" style=""width:1em; height:1em;""/>', '0', 'time not available'], ['回复<a href=""/n/yammy%E4%B8%8D%E6%98%AF%E9%9B%85%E7%B1%B3"">@yammy不是雅米</a>:我们厂就在他们门口<img alt=""[允悲]"" src=""//h5.sinaimg.cn/m/emoticon/icon/default/d_yunbei-9aa3c436a4.png"" style=""width:1em; height:1em;""/>', '0', 'time not available'], ['辟谣:经证实不是芥子气，不要传谣', '0', 'time not available']]"
2,88,1,3167700401,  江苏,2018-08-06 14:53:40,https://weibo.cn/comment/GtnQNFNif,['中'],https://weibo.cn/u/3167700401,:目前据消息透露： 礼嘉工业区一工厂毒气泄露，我不晓得啥气体，希望官兵们注意安全，你们是最勇敢的 常州 · 吾悦国际广场 拦拦拦不住的青春的微博视频 ,2,15,0,1,11,18,[]
3,84,2,2604519924,  江苏,2018-08-06 15:59:02,https://weibo.cn/comment/GtohkFbBA,['中'],https://weibo.cn/u/2604519924,:新闻疑似芥子气泄漏，老婆孩子还在家呢，特别担心，希望政府给出说法！中国公民的保障在哪里？政府是吃翔的吗？ http://t.cn/RDywRrj ,0,0,6,33,82,81,"[['回复<a href=""/n/%E9%99%86%E5%AE%B6%E5%B0%8F%E6%96%87%E6%96%87"">@陆家小文文</a>:你还是多读点书多了解点世事再讲吧  还有  注意这是造谣    不是夸张', '0', 'time not available'], ['回复<a href=""/n/%E5%AF%92%E5%BD%B1%E9%82%AA%E6%9E%AB"">@寒影邪枫</a>:我百度知道什么是芥子气，我们有理由相信这个有点夸张，但这种事故，不是一次，我们能相信谁？', '0', 'time not available'], ['回复<a href=""/n/%E7%A9%BF%E8%B6%8A%E4%B9%8B%E7%A5%9Exyz"">@穿越之神xyz</a>:事故是应该防患于未然的，不是每次都是补救！人民赋予镇府监管的责任，他就应该去履行他的职责！', '0', 'time not available'], ['芥子气？你还能发微博？请带脑子好吗', '0', 'time not available'], ['废酸，不是芥子气。兄弟你的喷点莫名其妙，政府吃翔还派消防兵去干嘛，还封锁道路干嘛，还进行撤离干嘛？! 对，应该派你去', '0', 'time not available'], ['常州礼嘉工业园', '0', 'time not available']]"
4,107,1,1847826622,  江苏,2018-08-06 16:07:27,https://weibo.cn/comment/GtokKxFsE,['中'],https://weibo.cn/u/1847826622,:靠武进一家工厂芥子气泄漏了，距离我就15公里，东南风一吹，我就含泪了,0,0,1,695,174,297,"[['回复<a href=""/n/%E5%B8%B8%E5%B7%9E%E5%90%8C%E4%B9%A1%E4%BC%9A"">@常州同乡会</a>:是的，芥子气一说是谣言', '0', 'time not available']]"
5,111,3,2635085712,  江苏 常州,2018-08-06 14:42:42,https://weibo.cn/comment/GtnMmliSl,['中'],https://weibo.cn/u/2635085712,:常州市武进区礼嘉工业区一工厂毒气泄露 http://t.cn/RDLQakc ,22,35,31,16,30,99,"[['2018年8月6日上午9点40分左右，位于礼嘉镇的常州市嘉润水处理有限公司发生废酸储罐泄漏。事件发生后，区镇两级主要领导及公安、应急、消防、安监、环保等相关部门立即赶赴现场处理，第一时间疏散企业员工及周边人群，采取措施防止废酸扩散。现场未造成人员伤亡。泄漏原因正在调查中', '2', 'time not available'], ['消防官兵和警察叔叔们奋战在第一线。太勇敢了。', '7', 'time not available'], ['说是已经飘到其他区了<img alt=""[摊手]"" src=""//h5.sinaimg.cn/m/emoticon/icon/default/d_tanshou-3abaa4ed77.png"" style=""width:1em; height:1em;""/>', '2', 'time not available'], ['😴', '0', 'time not available'], ['转发微博', '0', 'time not available'], ['回复<a href=""/n/%E6%9D%8E%E6%B6%9B%E4%B8%AD%E5%8C%BB"">@李涛中医</a>:真会用词，废酸，这是浓硝酸，挥发的气体剧毒，严重的会死人的', '2', 'time not available'], ['估计是氮氧化物气体的颜色，二氧化氮、硝酸', '0', 'time not available'], ['2018年8月6日上午9点40分左右，位于礼嘉镇的常州市嘉润水处理有限公司发生废酸储罐泄漏。事件发生后，区镇两级主要领导及公安、应急、消防、安监、环保等相关部门立即赶赴现场处理，第一时间疏散企业员工及周边人群，采取措施防止废酸扩散。现场未造成人员伤亡。泄漏原因正在调查中', '2', 'time not available'], ['回复<a href=""/n/%E5%85%88%E5%90%83%E9%A5%B1%E5%86%8D%E8%AF%B4%E5%87%8F%E8%82%A5"">@先吃饱再说减肥</a>:沙比，原来造谣这么简单', '0', 'time not available'], ['<a href=""https://weibo.cn/sinaurl?f=w&amp;u=http%3A%2F%2Ft.cn%2FRDLgVK8"">http://t.cn/RDLgVK8</a> 当地政府已经发布了 是废酸 不是芥子气', '0', 'time not available'], ['网警已经通报是硝酸泄露，请大家不要相信谣言', '0', 'time not available'], ['回复<a href=""/n/%E7%BB%BF%E5%B8%BD%E5%B0%8F%E5%AE%9D"">@绿帽小宝</a>:废酸泄露了，芥子气确实过分了', '1', 'time not available'], ['回复<a href=""/n/%E7%BB%BF%E5%B8%BD%E5%B0%8F%E5%AE%9D"">@绿帽小宝</a>:图片评论 <a href=""https://ww4.sinaimg.cn/large/bb30a427gy1fu00if1d1uj20qo0zkgrc.jpg"">评论配图</a>', '0', 'time not available'], ['转发微博', '0', 'time not available'], ['来来来！说是芥子气的人右上角点一波举报！事情结束了一个个上门查水表！', '2', 'time not available'], ['离大学城只有10公里不到！', '0', 'time not available'], ['回复<a href=""/n/%E6%9C%AA%E6%9C%AAAsh"">@未未Ash</a>:芥子气这种厂房不可能设在镇区范围', '0', 'time not available'], ['回复<a href=""/n/%E6%9C%AA%E6%9C%AAAsh"">@未未Ash</a>:动下脑壳好不好，芥子气接触都会皮肤溃烂。还闻，早死了', '0', 'time not available'], ['回复<a href=""/n/%E7%BB%BF%E5%B8%BD%E5%B0%8F%E5%AE%9D"">@绿帽小宝</a>:确实是泄露了，你在现场？只不过还没通告是什么气体成分，在疏散人群', '0', 'time not available'], ['回复一下私信可以嘛！', '0', 'time not available'], ['回复<a href=""/n/%E6%9C%AA%E6%9C%AAAsh"">@未未Ash</a>:不可能。', '0', 'time not available'], ['回复<a href=""/n/Bananakong%E6%9D%B0"">@Bananakong杰</a>:飘不到雪堰吧<img alt=""[失望]"" src=""//h5.sinaimg.cn/m/emoticon/icon/default/d_shiwang-7925938d93.png"" style=""width:1em; height:1em;""/>', '0', 'time not available'], ['注意绕行', '0', 'time not available'], ['不可能是芥子气   芥子气早就拉警报发防护具了', '4', 'time not available'], ['说是已经飘到其他区了<img alt=""[摊手]"" src=""//h5.sinaimg.cn/m/emoticon/icon/default/d_tanshou-3abaa4ed77.png"" style=""width:1em; height:1em;""/>', '2', 'time not available'], ['没事，百姓情绪稳定', '0', 'time not available'], ['同志们。毒圈来了。跑吧。', '8', 'time not available'], ['都这时候了，你还往前去', '0', 'time not available'], ['消防官兵和警察叔叔们奋战在第一线。太勇敢了。', '7', 'time not available'], ['没事吧', '0', 'time not available']]"
6,85,1,5047011903,  江苏,2018-08-06 15:20:18,https://weibo.cn/comment/Gto1Ccgxy,['中'],https://weibo.cn/u/5047011903,:家附近工厂毒气泄漏，也是吓得瑟瑟发抖😱#礼嘉毒气泄露# 常州 ,0,4,5,124,61,48,"[['涩涩发抖', '0', 'time not available'], ['回复<a href=""/n/%E9%99%86%E5%B0%8F%E7%98%A6%E5%B7%A8%E5%B8%85"">@陆小瘦巨帅</a>:😂😂😂', '0', 'time not available'], ['不要慌妹子！咱要一起跑毒了😂', '0', 'time not available'], ['回复<a href=""/n/%E5%B0%8F%E7%B2%A5%E7%B1%B3%E6%B1%9F"">@小粥米江</a>:暂时还在安全区，凉不了<img alt=""[允悲]"" src=""//h5.sinaimg.cn/m/emoticon/icon/default/d_yunbei-9aa3c436a4.png"" style=""width:1em; height:1em;""/>', '0', 'time not available'], ['不要慌妹子，记得跑毒', '0', 'time not available']]"
7,94,1,5522859619,  陕西 渭南,2018-08-07 05:56:12,https://weibo.cn/comment/GttL8FKf2,['正常'],https://weibo.cn/u/5522859619,:👆昨天10点19分内蒙古锡盟东乌旗发生地壳推移。这是人类第一次用视频记录看到地壳运动！开眼了，大自然真是不可抗衡啊！ 渭南 · 朝阳大街 渭南咣头姚的秒拍视频 ,0,0,0,50959,12279,1671,[]
8,90,1,5502061565,  其他,2018-08-06 17:01:19,https://weibo.cn/comment/GtoGCj97D,['中'],https://weibo.cn/u/5502061565,:#常州废酸泄漏#礼嘉泄露毒气都要到我这了，很近唉。就在隔壁 ,0,0,0,648,88,109,[]
9,136,1,5147748643,  河北,2018-08-07 11:16:25,https://weibo.cn/comment/GtvR7mD5O,['中'],https://weibo.cn/u/5147748643,:东戴河早起一鲨鱼给女子吞掉😳 秦皇岛 · 东山街区 盖世英雄大萝莉的微博视频 ,11,52,27,75,90,33,[]
10,136,1,1776994812,  北京,2018-08-07 10:02:45,https://weibo.cn/comment/Gtvne2Yev,['中'],https://weibo.cn/u/1776994812,:作家余秋雨的住院感受：这场大病使我象做了恶梦一样，领略了医院现实的利益熏心，我真切地感受到了我病了，这个社会更是病了，还病的不轻……作家余秋雨重病住院，目睹医院所作所为，说了一句话让国人沉默 ,43,18,22,12961,1214,243720,"[['医疗产业化，医院成了敛钱生产线，要钱不管命！//<a href=""/n/%E5%B2%81%E6%9C%88%E6%97%A0%E7%97%95wdq"">@岁月无痕wdq</a>：有过相同经历，父亲住院花完医保，我们还自费十五万，然而父亲还是去世了，在短短一个半月的时间，仿佛一场噩梦。', '3', 'time not available'], ['抱歉，秋雨，刚看了你的微博，转发的这条信息可能是不实信息，看到你生病住院备受折磨，我们都同仇敌忾，站在你这一边！', '0', 'time not available'], ['整个国家都病了！各行各业的体制都已经癌症晚期啦！几乎没有回头的可能啦！', '6', 'time not available'], ['余秋雨有这么忧国忧民吗？', '0', 'time not available'], ['回复<a href=""/n/%E9%9F%A9%E5%A4%8D%E9%BE%84"">@韩复龄</a>:得病了求中医，求真正的好中医，西医要钱还要命，真正的是噩梦', '0', 'time not available'], ['抱歉，秋雨，刚看了你的微博，转发的这条信息可能是不实信息，看到你生病住院备受折磨，我们都同仇敌忾，站在你这一边！', '0', 'time not available'], ['好搞笑！余秋雨本人都辟谣了，不是他写的。即使文章中写的是现实，但不能一棍子打死所有的医院。', '1', 'time not available'], ['把田园派逼得都能上山了', '0', 'time not available'], ['医疗产业化，医院成了敛钱生产线，要钱不管命！//<a href=""/n/%E5%B2%81%E6%9C%88%E6%97%A0%E7%97%95wdq"">@岁月无痕wdq</a>：有过相同经历，父亲住院花完医保，我们还自费十五万，然而父亲还是去世了，在短短一个半月的时间，仿佛一场噩梦。', '3', 'time not available'], ['整个国家都病了！各行各业的体制都已经癌症晚期啦！几乎没有回头的可能啦！', '6', 'time not available'], ['转发微博', '0', 'time not available'], ['有过相同经历，父亲住院花完医保，我们还自费十五万，然而父亲还是去世了，在短短一个半月的时间，仿佛一场噩梦。', '1', 'time not available'], ['有名的作家住院的感受，想想百姓会是什么样的待遇？医院和医生都是像钱看，在钱的面前，把救死扶伤抛到九霄云外，怎么可能全心全意的为患者服务？', '1', 'time not available'], ['中国的所有问题，到最后都是赖体制。人是好人，体制烂了，大致如此。 不过还请注明出处吧，这个号是余老师授权的吗？', '0', 'time not available'], ['建议看看 股神利豪 的微博', '2', 'time not available'], ['亲人得过相同的病，亲身经历过。。。。。。', '0', 'time not available'], ['这作家也太脱离人民群众了吧，普及一下厅级以上官员才有资格医疗免费享受高干病房，才能有医生嘘寒问暖。', '2', 'time not available']]"
11,458,42,1922216165,  湖南 长沙,2018-08-04 21:39:44,https://weibo.cn/comment/Gt7EDlq6L,['中'],https://weibo.cn/u/1922216165,:哈尔滨逛街买鞋。俩个女的看中一样的。打起来了。对方丈夫把那个女的。给杀了。这个社会太疯狂了。出门不要惹事😱😱😱 龚琦玲的微博视频 ,24,71,121,2192,719,18852,"[['家没有一个贤妻，真的富不起来。家有一泼妇，真是家破人亡啊', '22', 'time not available'], ['这是吉林的事，不是哈尔滨的，没事别乱发，再给你弄个造谣抓起来。', '78', 'time not available'], ['反正都是东北！别强调哪个城市。<img alt=""[二哈]"" src=""//h5.sinaimg.cn/m/emoticon/icon/others/d_erha-0fecc90ac1.png"" style=""width:1em; height:1em;""/>', '15', 'time not available'], ['回复<a href=""/n/%E5%8D%88%E9%A5%AD%E7%94%B5%E5%BD%B1"">@午饭电影</a>:去了三次，被城管吓到了两次，最后一次还好', '0', '02月06日 20:26'], ['回复<a href=""/n/%E8%B5%B5%E6%96%B0%E5%AE%87621"">@赵新宇621</a>:你说的是真的吗？是不是造谣传谣？', '0', 'time not available'], ['我只想知道杀人动机。不在乎是哪个城市的', '0', 'time not available'], ['回复<a href=""/n/%E6%A0%91%E4%B8%8A%E9%BA%BB%E5%98%8E%E5%AD%90"">@树上麻嘎子</a>:东北就这样，就这么暴力，有本事别在微博里逼逼，要么你来，看有没有人捅死你，要么你报你家地址，看看有没有人捅死你，别像个乌龟似得缩着', '1', 'time not available'], ['回复<a href=""/n/%E5%8D%95%E5%8F%AA%E7%9A%84%E5%B0%8F%E8%9C%9C%E8%9C%82"">@单只的小蜜蜂</a>:按照你这么说你哪都不能去了，任何地点任何时间都有可能出事。你也不用地域黑，像你这样的我们也不欢迎。', '0', 'time not available'], ['买双鞋何必如此呢，我这多的是，随便挑！', '0', 'time not available'], ['499，继续！', '0', 'time not available'], ['回复<a href=""/n/MZbulabula012"">@MZbulabula012</a>:现在主要是东北阿尔宾最黑暗', '0', 'time not available'], ['回复<a href=""/n/%E7%AB%96%E6%A8%AA%E7%AB%96%E6%A8%AA%E7%AB%96%E6%92%87%E6%92%87"">@竖横竖横竖撇撇</a>:你们哈尔滨这几年可真是越来越风光了，我都不敢去了', '0', 'time not available'], ['呵呵，近几年哈尔滨龌蹉黑暗新闻真的是屡见不鲜啊，天价鱼，火车站抢啥精神不正常男子，江边城管集体当做黑社会，冬日里江上为了爬犁两伙人斗殴，私家车挡住了救护车得去路，好有好多呢，你们谁能再说出一些来中纪委的人肯定给你们发奖金啊', '0', 'time not available'], ['回复<a href=""/n/%E6%96%AF%E4%B8%87%E5%AE%B6%E7%9A%84%E7%8B%97"">@斯万家的狗</a>:狗的思维永远是狗的思维，这次我真的相信了', '1', 'time not available'], ['杀人的老婆还去搂着，这个时候还。。。呵呵了', '0', 'time not available'], ['回复<a href=""/n/%E9%BE%9A%E7%90%A6%E7%8E%B2"">@龚琦玲</a>:弱智，辣鸡', '0', 'time not available'], ['心智不够成熟！既然敢于杀人，说明内心深处早就有轻生的念头，只是没有合适的机会。火药迟早要爆炸，只是还没有点燃导火索——起航先生', '0', 'time not available'], ['我的天，这个男的带的手铐，完全没有犯错的意识，还跟这个女的做亲密动作', '0', 'time not available'], ['回复<a href=""/n/%E6%A0%91%E4%B8%8A%E9%BA%BB%E5%98%8E%E5%AD%90"">@树上麻嘎子</a>:辟谣了嘻嘻', '0', 'time not available'], ['回复<a href=""/n/%E6%88%91%E6%98%AF%E9%92%B1%E4%B8%B2%E5%AD%90114909969"">@我是钱串子114909969</a>:你真的有病', '0', 'time not available'], ['真能扯犊子，你这叫散布谣言。可以抓你的', '0', 'time not available'], ['回复<a href=""/n/%E9%BE%9A%E7%90%A6%E7%8E%B2"">@龚琦玲</a>:sb老娘们', '0', 'time not available'], ['回复<a href=""/n/%E6%88%91%E6%98%AF%E9%92%B1%E4%B8%B2%E5%AD%90114909969"">@我是钱串子114909969</a>:你特么虎了逼吧', '0', 'time not available'], ['你这么造谣    家里有矿啊', '0', 'time not available'], ['真的残忍一双鞋至于把人杀了吗？', '0', 'time not available'], ['造谣', '0', 'time not available'], ['回复<a href=""/n/%E6%88%91%E6%98%AF%E9%92%B1%E4%B8%B2%E5%AD%90114909969"">@我是钱串子114909969</a>:杭州旅游季到处黑车拉着去这个店那个店的，你们杭州这么缺钱呢？我这么说你愿意听？', '1', 'time not available'], ['回复<a href=""/n/%E6%88%91%E6%98%AF%E9%92%B1%E4%B8%B2%E5%AD%90114909969"">@我是钱串子114909969</a>:哈尔滨个屁，你自己看看新闻去，', '0', 'time not available'], ['回复<a href=""/n/%E9%9C%9E%E9%A3%9E%E8%B7%AF187%E5%8F%B7"">@霞飞路187号</a>:对啊，地域尊严大过杀人案本身，奇葩们！', '1', 'time not available'], ['拿个视频一顿瞎逼逼', '0', 'time not available'], ['出门不要太冲动，冲动是魔鬼', '0', 'time not available'], ['这是不是就是实力护妻？这护得也太极端了，要是去菜市场买菜，那还不杀一打摆着<img alt=""[允悲]"" src=""//h5.sinaimg.cn/m/emoticon/icon/default/d_yunbei-9aa3c436a4.png"" style=""width:1em; height:1em;""/>', '0', 'time not available'], ['一看就不是哈尔滨', '0', 'time not available']]"
12,103,1,1712295232,  北京,2018-08-03 14:36:26,https://weibo.cn/comment/GsVsjEEV9,['中'],https://weibo.cn/u/1712295232,:石头最新报道……这是一个只要话题关注，不管后续内容的时代，苍老师被聘请为中国少年先锋队辅导员，我估计中国少年课外动作辅导教材要出来了😁，多看德艺双馨的薄荷直播，你我得抓紧学习啊。 http://t.cn/Reg642P ,17,37,20,20347,1541,9355757,"[['苍老师就是我的启蒙老师，这没有什么不妥', '0', 'time not available'], ['这只是一次商业活动 早就辟谣了 ....', '2', 'time not available'], ['苍老师我！我去', '0', 'time not available'], ['关键是为什么带有象征意义的红领巾', '0', 'time not available'], ['耻辱', '0', 'time not available'], ['变态国家', '0', 'time not available'], ['博主拿个AV女星来造谣少先队！先烈热血染红的红领巾不容玷污！博主有脾气别删！现在恭喜你出名了！希望看见我这条的一起举报！不封了博主的号 简直愧对先烈！<a href=""/n/%E5%8C%97%E4%BA%AC%E9%9D%92%E5%B9%B4%E6%8A%A5"">@北京青年报</a> <a href=""/n/%E5%8C%97%E4%BA%AC%E5%8F%91%E5%B8%83"">@北京发布</a> <a href=""/n/%E5%8C%97%E4%BA%AC%E6%B6%88%E9%98%B2"">@北京消防</a> <a href=""/n/%E5%8C%97%E4%BA%AC%E4%BA%A4%E8%AD%A6"">@北京交警</a> <a href=""/n/%E4%BA%A4%E9%80%9A%E5%8C%97%E4%BA%AC"">@交通北京</a> <a href=""/n/%E5%8C%97%E4%BA%AC%E5%9C%B0%E9%93%81"">@北京地铁</a> <a href=""/n/%E6%B1%9F%E5%AE%81%E5%85%AC%E5%AE%89%E5%9C%A8%E7%BA%BF"">@江宁公安在线</a> <a href=""/n/%E5%B9%B3%E5%AE%89%E5%8C%97%E4%BA%AC"">@平安北京</a>', '1', 'time not available'], ['呵呵，和政府有关系吧', '0', 'time not available'], ['卧槽~~', '0', 'time not available'], ['苍老师我！我去', '0', 'time not available'], ['...', '0', 'time not available'], ['<a href=""/n/%E4%B8%A8%E9%A5%BF%E6%B2%92%E4%BA%BA%E4%B8%A8"">@丨饿沒人丨</a>', '0', 'time not available'], ['苍老师会辅导什么内容呢？', '0', 'time not available'], ['这只是一次商业活动 早就辟谣了 ....', '2', 'time not available'], ['搞错了吧？', '0', 'time not available'], ['支持苍老师。。真正的德艺双馨', '0', 'time not available'], ['晕！什么价值观啊！！！', '0', 'time not available'], ['好悲哀啊,中国怎么了?', '1', 'time not available'], ['苍老师就是我的启蒙老师，这没有什么不妥', '0', 'time not available'], ['搞笑<img alt=""[允悲]"" src=""//h5.sinaimg.cn/m/emoticon/icon/default/d_yunbei-9aa3c436a4.png"" style=""width:1em; height:1em;""/>', '0', 'time not available'], ['苍老师是谁', '1', 'time not available']]"
13,88,1,2201272830,  其他,None,nn,['中'],https://weibo.cn/u/2201272830,nn,nn,nn,nn,5311,171,2198,['deleted']
14,88,1,2381645713,  湖北,2018-08-07 09:48:17,https://weibo.cn/comment/Gtvhl5gSW,['中'],https://weibo.cn/u/2381645713,:发布了头条文章：《余秋雨：我病了，社会也病了》  余秋雨：我病了，社会也病了 ,0,0,0,287,162,4242,[]
15,100,2,5328650840,  广东,2018-07-25 21:31:55,https://weibo.cn/comment/GrBkuBBEM,['正常'],https://weibo.cn/u/5328650840,:震惊全国！速看！我们吃的包菜竟然是这样做的,66,439,59,68599,154,1664225,"[['这评论服了，做这成本等于花10万做了5万假币一样', '141', 'time not available'], ['<a href=""/n/%E9%BD%90%E5%A4%A9%E5%A4%A7%E5%9C%A3%E5%B1%B1"">@齐天大圣山</a>: 包菜都有假，老百姓还咋活呀<img alt=""[允悲]"" src=""//h5.sinaimg.cn/m/emoticon/icon/default/d_yunbei-9aa3c436a4.png"" style=""width:1em; height:1em;""/>', '27', 'time not available'], ['这只是模型。', '54', 'time not available'], ['回复<a href=""/n/%E7%A8%8E%E7%9B%BE%E6%95%88%E5%BA%94"">@税盾效应</a>:你说有道理', '0', 'time not available'], ['回复<a href=""/n/%E9%BD%90%E5%A4%A9%E5%A4%A7%E5%9C%A3%E5%B1%B1"">@齐天大圣山</a>:这是蜡做的模型，很多餐馆样品都是蜡做的。这是很多年前的谣言了，再说了，白菜这样作假，不怕亏本吗？', '0', 'time not available'], ['回复<a href=""/n/%E9%BD%90%E5%A4%A9%E5%A4%A7%E5%9C%A3%E5%B1%B1"">@齐天大圣山</a>:造谣一张嘴，辟谣跑断腿<img alt=""[微笑]"" src=""//h5.sinaimg.cn/m/emoticon/icon/default/d_hehe-039d0a6a8a.png"" style=""width:1em; height:1em;""/>', '1', 'time not available'], ['哇', '1', 'time not available'], ['举报了', '0', 'time not available'], ['<a href=""/n/%E4%BC%9A%E7%9D%81%E7%9C%BC%E8%AF%B4%E7%9E%8E%E8%AF%9D"">@会睁眼说瞎话</a>', '0', 'time not available'], ['<a href=""/n/Rock%E6%95%8F%E6%80%A1"">@Rock敏怡</a>', '0', 'time not available'], ['现在开个玩笑都开不起了，加了狗头还要被骂<img alt=""[允悲]"" src=""//h5.sinaimg.cn/m/emoticon/icon/default/d_yunbei-9aa3c436a4.png"" style=""width:1em; height:1em;""/>', '2', 'time not available'], ['愚昧无知', '0', 'time not available'], ['起这个标题的人估计没啥智商', '2', 'time not available'], ['狗头不保命啊<img alt=""[喵喵]"" src=""//h5.sinaimg.cn/m/emoticon/icon/others/d_miao-61fe2a7aaa.png"" style=""width:1em; height:1em;""/>', '0', 'time not available'], ['<a href=""/n/%E5%88%B0%E4%BA%91%E9%87%8C"">@到云里</a>  好好玩', '0', 'time not available'], ['博主打假疫苗了？', '1', 'time not available'], ['加狗头了，拜托大家不要较真好吧<img alt=""[黑线]"" src=""//h5.sinaimg.cn/m/emoticon/icon/default/d_heixian-bde08b426c.png"" style=""width:1em; height:1em;""/>', '2', 'time not available'], ['315打假报道过', '0', 'time not available'], ['厉害<a href=""/n/%E5%BD%AD%E6%A2%A6%E8%95%BEQueena"">@彭梦蕾Queena</a>', '1', 'time not available'], ['回复<a href=""/n/%E9%BD%90%E5%A4%A9%E5%A4%A7%E5%9C%A3%E5%B1%B1"">@齐天大圣山</a>:这是蜡做的模型，很多餐馆样品都是蜡做的。这是很多年前的谣言了，再说了，白菜这样作假，不怕亏本吗？', '25', 'time not available'], ['这种博主呵呵了', '2', 'time not available'], ['较真的才是笨傻', '10', 'time not available'], ['种一棵快点吧?<img alt=""[微笑]"" src=""//h5.sinaimg.cn/m/emoticon/icon/default/d_hehe-039d0a6a8a.png"" style=""width:1em; height:1em;""/>', '0', 'time not available'], ['这是玩具吧<img alt=""[汗]"" src=""//h5.sinaimg.cn/m/emoticon/icon/default/d_han-0e7b8aa6d1.png"" style=""width:1em; height:1em;""/>', '17', 'time not available'], ['回复<a href=""/n/%E8%AE%BE%E8%AE%A1%E4%BA%BAG"">@设计人G</a>:这是模型 又不能吃', '0', 'time not available'], ['<a href=""/n/%E8%91%9B%E4%BD%B3%E6%85%A7erer"">@葛佳慧erer</a>', '0', 'time not available'], ['这是日本食玩，是做模型的，多少年前的视频了，小编不要造谣啊', '9', 'time not available'], ['天哪~~~~~~原来炸虾不是真的用炸的~~震惊', '0', 'time not available'], ['人家不是加狗头了吗<img alt=""[汗]"" src=""//h5.sinaimg.cn/m/emoticon/icon/default/d_han-0e7b8aa6d1.png"" style=""width:1em; height:1em;""/>', '12', 'time not available'], ['是蜡吗', '0', 'time not available'], ['是不是快凉了', '0', 'time not available'], ['比真包菜成本还高', '2', 'time not available']]"
16,100,1,6003604826,  其他,2018-08-07 14:40:59,https://weibo.cn/comment/Gtxc9qmDm,['中'],https://weibo.cn/u/6003604826,:这就是碧桂园的“价值观”――金钱至上，钱财比人命重要。这种毫无人性的“价值观”真可怕！如果一个企业把钱财放在人性之上还沾沾自喜，那这个企业离死亡也不远了。 ,0,3,0,394,177,226,[]
17,87,1,3340055412,  江西 新余,2018-08-07 14:52:33,https://weibo.cn/comment/GtxgQtLuW,['中'],https://weibo.cn/u/3340055412,:#钱，一把杀人不眨眼的刀#著名作家诗人余秋雨先生从重症监护室出来，因耳闻目睹医院诸多黑幕，不无感慨地说:我病了，社会也病了。是啊，这是一个有钱人的世界，没有钱，病不起，一进医院，债台高筑。因此，穷人只有好好养生，健康身体，身体好才是真的好。阿弥托佛，菩萨保佑！ 新余 · 分宜镇 ,0,7,2,11224,600,19420,"[['回复<a href=""/n/%E6%B5%92%E5%85%B3%E5%BC%A0"">@浒关张</a>:总结到位！', '0', 'time not available'], ['到了医院，钱不是钱，人不是人。', '0', 'time not available']]"
18,102,2,3884276126,  上海,2018-08-05 08:17:13,https://weibo.cn/comment/GtbPnxaVq,['中'],https://weibo.cn/u/3884276126,:昨天10点19分内蒙古锡盟东乌旗发生地壳推移。这是人类第一次用视频记录看到地壳运动！震撼了，大自然真是不可抗衡啊！ 民間閑夫V的秒拍视频 ,7,7,4,13741,1767,6460,"[['中国有这样的车牌，和警察制服？', '0', 'time not available'], ['傻得冒泡，这明明就是泥石流，也不在内蒙', '0', 'time not available'], ['泥石流', '0', 'time not available'], ['确定不是滑坡泥石流？，听说话也不像内蒙的，像俄罗斯的', '2', 'time not available']]"
19,104,14,3158830501,  福建,2018-07-27 18:32:49,https://weibo.cn/comment/GrT0Nts2v,['中'],https://weibo.cn/u/3158830501,:#郑大说事[超话]# 狂犬病的悲剧…… 鄭大akoei的微博视频 ,64,33,72,5579,4598,103287,"[['你是弱智吗？狂犬病是这个症状吗？', '117', 'time not available'], ['给文盲科普一下，狂犬病临床表现为特有的恐水怕风、咽肌痉挛、进行性瘫痪等。因恐水症状比较突出，故本病又名恐水症。狂犬病一旦发病，其进展速度极快，多为3-5日，很少超过10日。统计发现，几乎所有的温血动物都可以感染狂犬病毒。', '58', 'time not available'], ['狂犬病畏光，怕水声', '31', 'time not available'], ['真的是个文盲', '0', 'time not available'], ['我看这更像精神病<img alt=""[微笑]"" src=""//h5.sinaimg.cn/m/emoticon/icon/default/d_hehe-039d0a6a8a.png"" style=""width:1em; height:1em;""/>', '0', 'time not available'], ['我觉得更像是快手上的视频<img alt=""[摊手]"" src=""//h5.sinaimg.cn/m/emoticon/icon/default/d_tanshou-3abaa4ed77.png"" style=""width:1em; height:1em;""/>', '0', 'time not available'], ['……很明显假的，狂犬病发作时患者痛不欲生，还有功夫学狗叫？除了脑子有问题想搏眼球外就是真的有精神病。', '0', 'time not available'], ['回复<a href=""/n/Sakura%E8%96%84%E9%9B%AA%E8%8D%89"">@Sakura薄雪草</a>:噗.我也是', '0', 'time not available'], ['学狗叫都是假的，狂犬病根本没有学狗叫的症状', '0', 'time not available'], ['额。。。。', '0', 'time not available'], ['好好的人被病毒毁了<img alt=""[泪]"" src=""//h5.sinaimg.cn/m/emoticon/icon/default/d_lei-1b4b02f8b1.png"" style=""width:1em; height:1em;""/>', '0', 'time not available'], ['回复<a href=""/n/%E9%BA%BB%E9%BA%BB%E8%AF%B4%E6%88%91%E6%98%AF%E6%B3%BC%E5%87%BA%E5%8E%BB%E7%9A%84%E6%B0%B4%E6%B0%B4%E6%B0%B4%E6%B0%B4%E6%B0%B4"">@麻麻说我是泼出去的水水水水水</a>:应该是精神疾病。', '0', 'time not available'], ['有病吧', '0', 'time not available'], ['這些⋯⋯是中邪了吧？別污衊狂犬病好伐？', '0', 'time not available'], ['散了吧，散了吧！', '0', 'time not available'], ['回复<a href=""/n/%E5%8F%B0%E8%BE%BE%E9%82%AE122"">@台达邮122</a>:不实信息，看到了吗，睿智<img alt=""[鼓掌]"" src=""//h5.sinaimg.cn/m/emoticon/icon/default/d_guzhang-a35dfd4d70.png"" style=""width:1em; height:1em;""/>', '0', 'time not available'], ['这那是狂犬病啊啊啊啊啊啊啊建议去<a href=""/n/%E5%8D%81%E7%88%B7_"">@十爷_</a> 微博看看了解了解好吧？别以讹传讹了', '0', 'time not available'], ['这是狂犬病？这特么神经病吧！！', '9', 'time not available'], ['这不是狂犬病 怕是精神病吧', '7', 'time not available'], ['回去多读读书再来吧 尬黑', '0', 'time not available'], ['回复<a href=""/n/xuelaohuaa"">@xuelaohuaa</a>:还有风', '0', 'time not available'], ['回复<a href=""/n/Sakura%E8%96%84%E9%9B%AA%E8%8D%89"">@Sakura薄雪草</a>:友军，我也是看了上个科普视频转过来的<img alt=""[允悲]"" src=""//h5.sinaimg.cn/m/emoticon/icon/default/d_yunbei-9aa3c436a4.png"" style=""width:1em; height:1em;""/>', '1', 'time not available'], ['刚看完狂犬病的科普，随后就是这沙雕般的标题<img alt=""[并不简单]"" src=""//h5.sinaimg.cn/m/emoticon/icon/default/d_bingbujiandan-e0c6936005.png"" style=""width:1em; height:1em;""/>', '1', 'time not available'], ['回复<a href=""/n/%E5%86%B7%E7%8E%8B%E7%8E%8B"">@冷王王</a>:奈斯', '0', 'time not available'], ['边看边笑  这种也就骗骗老年人 以讹传讹 是你的“美德”', '0', 'time not available'], ['狂犬病并不会学狗叫 哈哈哈', '0', 'time not available'], ['真是弱智', '0', 'time not available'], ['你tm的狂犬病就是跟狗一样，你也太秀了吧', '0', 'time not available'], ['是弱智吗。。。', '0', 'time not available'], ['看的这种人都他妈得气笑，这他妈就是个骗不明真相的老百姓赶紧去打假疫苗的帮凶！还学狗叫，小学文凭拿到了不？<img alt=""[微笑]"" src=""//h5.sinaimg.cn/m/emoticon/icon/default/d_hehe-039d0a6a8a.png"" style=""width:1em; height:1em;""/>', '2', 'time not available'], ['洗个屁，你自己去找个医生问问，狂犬病是什么症状，你问他是不是学狗叫，人家医生都会笑掉大牙<img alt=""[摊手]"" src=""//h5.sinaimg.cn/m/emoticon/icon/default/d_tanshou-3abaa4ed77.png"" style=""width:1em; height:1em;""/>', '0', 'time not available'], ['狂犬病的症状真的不是这种学狗动作或者声音<img alt=""[衰]"" src=""//h5.sinaimg.cn/m/emoticon/icon/default/d_shuai-3dcd4d86c5.png"" style=""width:1em; height:1em;""/>', '2', 'time not available'], ['文盲', '2', 'time not available']]"
